,precip,precipprob,precipcover,latlon
0,0.03,100,4.17,65.546659433223-28.299055446451-2021-07-28-bilberry
1,0.10400000000000001,100,8.33,62.825044395988-30.140929317948-2020-07-21-cloudberry
2,5.7010000000000005,100,50.0,63.398031694381-26.599711122656-2021-08-08-lingonberry
3,0.002,100,4.17,62.404715158292-25.645460790516-2018-07-16-cloudberry
4,0.533,100,12.5,60.531700825530-22.259596266479-2018-07-21-bilberry
5,0.0,0,0.0,61.956022559943-25.665393843282-2022-09-10-lingonberry
6,0.001,100,4.17,69.579405931858-28.797861670517-2019-08-16-cloudberry
7,0.5700000000000001,100,4.17,61.062715988496-27.741036033643-2019-08-15-bilberry
8,0.07200000000000001,100,8.33,60.460426507891-22.816310845211-2019-07-12-bilberry
9,0.036000000000000004,100,4.17,64.916793952455-28.479943276795-2021-07-15-cloudberry
10,0.0,0,0.0,67.346257435459-26.767357485753-2021-08-30-lingonberry
11,0.008,100,4.17,65.546659433223-28.299055446451-2021-07-15-cloudberry
12,5.799,100,54.17,65.275578779105-28.500018089068-2021-08-10-bilberry
13,0.0,0,0.0,60.018137456338-23.052028057436-2018-07-23-bilberry
14,2.583,100,37.5,61.591215591914-21.720607487443-2020-09-16-lingonberry
15,0.0,0,0.0,63.635949999523-23.971753502659-2019-07-18-bilberry
16,0.0,0,0.0,67.346257435459-26.767357485753-2022-07-29-cloudberry
17,0.0,0,0.0,61.873545236935-22.053058599543-2021-07-17-bilberry
18,0.0,0,0.0,64.376388132796-25.341948147709-2021-08-05-bilberry
19,0.514,100,20.83,65.820747409918-27.437615336293-2022-09-03-lingonberry
20,0.496,100,16.67,65.636356900975-28.303539670803-2022-08-28-lingonberry
21,0.0,0,0.0,60.697139442168-21.868194830880-2018-07-27-bilberry
22,0.1,100,4.17,62.441667732361-22.929648244563-2020-07-20-bilberry
23,0.47400000000000003,100,16.67,66.074699588086-24.789876502369-2019-08-17-lingonberry
24,0.0,0,0.0,67.143044568787-24.230831603645-2019-07-26-cloudberry
25,0.0,0,0.0,65.636356900975-28.303539670803-2021-07-19-cloudberry
26,4.484,100,33.33,66.359660516525-27.000020785617-2020-08-04-bilberry
27,0.0,0,0.0,63.437607835055-23.190159375651-2019-08-22-lingonberry
28,0.051000000000000004,100,37.5,63.367075235015-29.999901598982-2021-07-20-bilberry
29,9.401,100,45.83,61.098380275116-23.103620044220-2021-07-28-bilberry
30,0.0,0,0.0,65.996865347816-25.898467471936-2021-07-17-cloudberry
31,0.0,0,0.0,65.544653894761-28.515474717463-2018-07-24-cloudberry
32,2.305,100,8.33,65.367260815358-28.290188362673-2019-08-16-lingonberry
33,0.0,0,0.0,65.183608433863-28.708394121341-2018-07-18-cloudberry
34,0.316,100,20.83,61.839112844313-23.960461572665-2020-09-03-lingonberry
35,6.013,100,16.67,62.429835649544-22.543331909585-2022-08-07-bilberry
36,6.419,100,50.0,69.579405931858-28.797861670517-2018-07-26-cloudberry
37,0.0,0,0.0,65.099813796782-25.935701139034-2022-09-08-lingonberry
38,3.742,100,4.17,61.098380275116-23.103620044220-2019-08-30-lingonberry
39,0.316,100,8.33,66.343641548573-29.233787068132-2019-08-14-cloudberry
40,0.0,0,0.0,66.441484623032-25.430382009384-2020-08-03-bilberry
41,0.0,0,0.0,60.331565669914-25.007707023099-2018-07-23-bilberry
42,0.1,100,4.17,65.993086744770-28.542032708694-2018-08-14-lingonberry
43,0.0,0,0.0,66.439071155393-25.206277537214-2020-07-27-bilberry
44,0.332,100,8.33,66.340279059236-29.456923357721-2019-08-14-bilberry
45,5.625,100,37.5,60.774197217657-24.612965020235-2022-07-11-bilberry
46,2.326,100,33.33,60.703629731031-26.267246984625-2020-09-09-lingonberry
47,1.109,100,29.17,61.236117410622-25.509707444328-2020-07-10-bilberry
48,14.735,100,62.5,60.518110758572-25.542800795655-2020-08-22-lingonberry
49,2.078,100,29.17,66.443576572385-25.654530691516-2021-09-07-lingonberry
50,0.0,0,0.0,66.177693414402-27.887541098474-2022-09-08-lingonberry
51,0.047,100,8.33,65.275578779105-28.500018089068-2018-08-07-bilberry
52,0.0,0,0.0,63.725568290587-23.962165686083-2018-07-16-bilberry
53,4.571,100,79.17,69.579405931858-28.797861670517-2020-09-19-lingonberry
54,0.0,0,0.0,65.548356555527-28.082602265075-2018-07-30-cloudberry
55,4.241,100,16.67,63.819314344283-29.844665697759-2019-07-30-lingonberry
56,0.11900000000000001,100,4.17,65.275578779105-28.500018089068-2019-09-07-lingonberry
57,0.016,100,8.33,62.178509109025-23.157430697343-2022-09-20-lingonberry
58,0.0,0,0.0,61.584702206498-29.260691082392-2021-07-19-bilberry
59,0.0,0,0.0,63.398031694381-26.599711122656-2020-07-17-bilberry
60,0.667,100,8.33,64.475335457447-26.792022750362-2019-08-23-lingonberry
61,0.0,0,0.0,60.518110758572-25.542800795655-2021-07-15-bilberry
62,7.777,100,58.33,66.000647978502-26.779687807622-2022-07-27-cloudberry
63,0.0,0,0.0,62.470722955507-29.909548750303-2020-08-13-lingonberry
64,0.0,0,0.0,61.867983163323-28.140653129185-2022-08-14-lingonberry
65,2.734,100,58.33,65.452659159736-28.725922810504-2022-07-29-bilberry
66,0.0,0,0.0,63.635949999523-23.971753502659-2021-09-01-lingonberry
67,0.0,0,0.0,62.197663074279-23.924464178366-2021-08-27-lingonberry
68,0.0,0,0.0,63.398031694381-26.599711122656-2020-08-15-lingonberry
69,11.072,100,45.83,62.088946495761-23.168775630496-2020-09-10-lingonberry
70,0.0,0,0.0,61.253965261142-22.337691921206-2020-09-05-lingonberry
71,0.0,0,0.0,66.446795637274-26.102957885240-2020-08-03-bilberry
72,0.008,100,4.17,61.423729502415-27.187389365941-2021-09-14-lingonberry
73,0.0,0,0.0,66.074703966327-29.210145528763-2021-08-24-lingonberry
74,1.756,100,25.0,67.143044568787-24.230831603645-2021-08-01-cloudberry
75,0.0,0,0.0,60.460426507891-22.816310845211-2020-07-15-bilberry
76,1.162,100,8.33,63.662723857046-25.787865163091-2019-08-19-lingonberry
77,0.0,0,0.0,66.063791293103-24.127741130740-2019-09-24-lingonberry
78,0.0,0,0.0,62.946396778006-27.985359242921-2022-09-24-lingonberry
79,0.405,100,4.17,63.391723589062-25.599152115200-2018-08-04-bilberry
80,0.077,100,8.33,63.563958091980-29.013431098546-2020-07-20-bilberry
81,0.0,0,0.0,60.518110758572-25.542800795655-2020-07-20-bilberry
82,0.201,100,4.17,64.263227992885-30.096842705717-2019-07-20-bilberry
83,0.0,0,0.0,60.875987836007-21.839434671434-2018-08-16-bilberry
84,0.0,0,0.0,66.177693414402-27.887541098474-2018-08-21-bilberry
85,8.25,100,8.33,67.162859184697-28.154520859901-2018-07-22-cloudberry
86,0.0,0,0.0,69.579405931858-28.797861670517-2021-09-18-lingonberry
87,0.0,0,0.0,69.579405931858-28.797861670517-2021-07-29-cloudberry
88,2.255,100,4.17,61.187949063426-23.092550012858-2018-08-26-lingonberry
89,0.0,0,0.0,62.410085919345-21.964546229480-2022-08-23-lingonberry
90,0.0,0,0.0,63.729681807643-29.835651434084-2021-09-05-lingonberry
91,0.0,0,0.0,66.343641548573-29.233787068132-2018-09-06-lingonberry
92,0.016,100,4.17,64.263227992885-30.096842705717-2022-07-24-bilberry
93,6.65,100,33.33,65.996865347816-25.898467471936-2021-08-14-bilberry
94,0.011,100,4.17,62.441667732361-22.929648244563-2022-09-04-lingonberry
95,0.905,100,16.67,62.946396778006-27.985359242921-2020-09-26-lingonberry
96,0.0,0,0.0,61.513500810334-26.812063769739-2022-07-25-bilberry
97,0.012,100,16.67,66.800194117739-28.592512322510-2020-09-13-lingonberry
98,0.0,0,0.0,63.635949999523-23.971753502659-2022-09-04-lingonberry
99,0.0,0,0.0,64.295866161411-26.793376802717-2022-08-21-bilberry
100,7.6370000000000005,100,8.33,66.172450909671-28.552945289840-2019-08-15-lingonberry
101,0.0,0,0.0,61.062715988496-27.741036033643-2018-07-11-bilberry
102,0.0,0,0.0,60.971811217914-26.076344223156-2020-07-16-bilberry
103,2.284,100,33.33,67.066717069538-28.840035931481-2022-08-07-lingonberry
104,0.8320000000000001,100,16.67,67.138884996671-24.000442836702-2022-08-29-lingonberry
105,0.0,0,0.0,65.990724161115-28.762200370099-2022-07-24-cloudberry
106,0.01,100,4.17,64.474159143857-26.376065893324-2021-07-18-cloudberry
107,0.0,0,0.0,69.579405931858-28.797861670517-2021-08-06-bilberry
108,0.039,100,4.17,63.563958091980-29.013431098546-2022-07-22-cloudberry
109,0.027,100,4.17,64.006056215888-29.454399062118-2022-08-13-bilberry
110,1.014,100,37.5,65.011457462943-26.151389330478-2021-10-12-lingonberry
111,0.0,0,0.0,60.703629731031-26.267246984625-2019-08-25-lingonberry
112,0.0,0,0.0,66.000648388785-27.220357721627-2020-07-17-cloudberry
113,0.046,100,4.17,61.282768712611-23.267527616095-2018-07-29-bilberry
114,0.0,0,0.0,63.129345146660-27.000021028168-2019-07-16-cloudberry
115,0.20600000000000002,100,4.17,61.677398256105-29.078464684855-2021-09-11-lingonberry
116,2.172,100,20.83,60.869939872732-24.974238660460-2021-08-13-lingonberry
117,2.55,100,41.67,61.671146796379-29.455985669682-2022-07-23-bilberry
118,0.0,0,0.0,61.671146796379-29.455985669682-2021-09-10-lingonberry
119,0.0,0,0.0,66.172450909671-28.552945289840-2020-08-03-cloudberry
120,0.494,100,37.5,62.410085919345-21.964546229480-2021-08-20-lingonberry
121,0.0,0,0.0,60.018137456338-23.052028057436-2019-08-05-bilberry
122,12.141,100,83.33,61.957732031849-28.144000749979-2022-09-15-lingonberry
123,0.0,0,0.0,62.470722955507-29.909548750303-2020-08-31-bilberry
124,0.281,100,41.67,63.367075235015-29.999901598982-2022-07-18-bilberry
125,0.0,0,0.0,60.600759605211-24.991134265128-2018-07-22-bilberry
126,0.024,100,4.17,63.725568290587-23.962165686083-2020-07-28-bilberry
127,1.532,100,54.17,61.423858024411-26.999996991012-2022-09-14-lingonberry
128,0.0,0,0.0,61.423728699688-26.812604614421-2022-07-20-bilberry
129,0.0,0,0.0,63.302002102237-25.603511477658-2021-09-04-lingonberry
130,0.198,100,4.17,66.359660516525-27.000020785617-2018-08-28-lingonberry
131,0.0,0,0.0,66.443576572385-25.654530691516-2018-07-29-cloudberry
132,0.126,100,4.17,63.483272863696-25.795452359638-2022-07-17-cloudberry
133,0.0,0,0.0,63.819314344283-29.844665697759-2020-07-19-cloudberry
134,0.308,100,8.33,64.474159143857-26.376065893324-2020-07-23-cloudberry
135,0.0,0,0.0,67.346257435459-26.767357485753-2022-08-13-lingonberry
136,0.1,100,4.17,65.546659433223-28.299055446451-2022-08-10-bilberry
137,1.165,100,29.17,60.018137456338-23.052028057436-2020-08-31-lingonberry
138,0.0,0,0.0,62.946396778006-27.985359242921-2021-08-28-lingonberry
139,0.0,0,0.0,60.774197217657-24.612965020235-2020-07-19-bilberry
140,0.494,100,8.33,69.579405931858-28.797861670517-2022-08-01-bilberry
141,0.0,0,0.0,60.460426507891-22.816310845211-2018-09-03-lingonberry
142,13.21,100,4.17,65.990724161115-28.762200370099-2018-08-03-cloudberry
143,0.121,100,8.33,60.774197217657-24.612965020235-2019-08-18-lingonberry
144,0.0,0,0.0,63.391723589062-25.599152115200-2018-09-16-lingonberry
145,0.0,0,0.0,65.985050635898-24.797636603771-2021-08-23-lingonberry
146,0.0,0,0.0,66.172450909671-28.552945289840-2020-08-21-lingonberry
147,0.0,0,0.0,61.956022559943-25.665393843282-2022-07-20-bilberry
148,0.0,0,0.0,67.143044568787-24.230831603645-2022-07-30-cloudberry
149,0.0,0,0.0,61.689915024005-27.945056241930-2020-07-20-bilberry
150,0.0,0,0.0,63.442802307442-23.390186604503-2019-09-06-lingonberry
151,0.668,100,12.5,61.243149793932-27.558953504414-2022-07-24-bilberry
152,1.205,100,8.33,61.301229730432-24.012672163928-2020-07-20-bilberry
153,7.777,100,58.33,66.000647978502-26.779687807622-2022-07-27-bilberry
154,0.0,0,0.0,65.901050037324-28.756037781642-2022-07-23-cloudberry
155,0.0,0,0.0,66.074703966327-29.210145528763-2021-07-23-bilberry
156,0.0,0,0.0,62.825044395988-30.140929317948-2018-09-03-lingonberry
157,1.027,100,20.83,67.407615621319-23.966666820239-2019-09-11-lingonberry
158,1.974,100,8.33,65.990724161115-28.762200370099-2019-08-06-cloudberry
159,0.065,100,8.33,64.475335457447-26.792022750362-2019-08-06-bilberry
160,0.0,0,0.0,67.435449852987-26.532931833178-2018-07-31-cloudberry
161,3.156,100,95.83,61.839112844313-23.960461572665-2020-07-24-bilberry
162,0.0,0,0.0,66.443576572385-25.654530691516-2018-07-19-bilberry
163,0.0,0,0.0,64.822317655702-28.896193429693-2022-08-01-lingonberry
164,3.784,100,41.67,67.138884996671-24.000442836702-2019-08-16-lingonberry
165,0.0,0,0.0,63.755297386655-27.810740884660-2021-07-01-bilberry
166,0.521,100,4.17,61.507287992498-25.684670106547-2018-08-30-lingonberry
167,0.686,100,8.33,64.292366070093-25.966931760841-2021-08-22-lingonberry
168,0.0,0,0.0,61.957732031849-28.144000749979-2018-07-13-bilberry
169,0.0,0,0.0,66.172450909671-28.552945289840-2022-08-27-lingonberry
170,0.0,0,0.0,63.038343493080-27.593074692533-2022-08-26-lingonberry
171,0.226,100,4.17,65.996865347816-25.898467471936-2019-10-01-lingonberry
172,0.46900000000000003,100,16.67,66.445348987872-28.121300798338-2021-09-02-lingonberry
173,0.246,100,4.17,61.301229730432-24.012672163928-2019-08-16-bilberry
174,0.0,0,0.0,61.063604729265-27.555789090109-2018-07-17-bilberry
175,0.5630000000000001,100,29.17,61.591215591914-21.720607487443-2021-09-11-lingonberry
176,0.0,0,0.0,64.006056215888-29.454399062118-2020-08-11-lingonberry
177,0.0,0,0.0,65.452659159736-28.725922810504-2018-07-25-cloudberry
178,0.0,0,0.0,61.243149793932-27.558953504414-2020-08-10-bilberry
179,25.404,100,87.5,66.443576572385-25.654530691516-2022-07-26-bilberry
180,10.203,100,8.33,60.142916363061-24.478741538672-2018-07-20-cloudberry
181,0.8320000000000001,100,16.67,67.138884996671-24.000442836702-2022-08-29-bilberry
182,0.338,100,45.83,64.475335457447-26.792022750362-2021-09-12-lingonberry
183,0.0,0,0.0,63.199072219009-29.385761771686-2019-09-01-lingonberry
184,0.247,100,8.33,62.178509109025-23.157430697343-2021-09-07-lingonberry
185,1.436,100,8.33,62.321530668488-27.000007985439-2022-07-19-bilberry
186,1.104,100,41.67,63.819314344283-29.844665697759-2021-07-22-cloudberry
187,0.522,100,29.17,62.193269976552-23.732604259901-2022-07-29-bilberry
188,0.0,0,0.0,61.253965261142-22.337691921206-2022-09-04-lingonberry
189,0.0,0,0.0,65.636356900975-28.303539670803-2019-08-01-cloudberry
190,0.081,100,4.17,62.410081201748-26.419416956683-2019-07-30-bilberry
191,0.064,100,8.33,61.423729502415-27.187389365941-2020-07-21-bilberry
192,4.077,100,37.5,65.367260815358-28.290188362673-2021-08-21-lingonberry
193,0.049,100,8.33,66.000648388785-27.220357721627-2020-07-20-cloudberry
194,1.242,100,4.17,60.702498020817-27.915924676576-2018-09-09-lingonberry
195,0.116,100,8.33,63.038343493080-27.593074692533-2022-07-22-bilberry
196,0.163,100,4.17,62.314979271783-25.649501497880-2018-08-30-lingonberry
197,11.446,100,70.83,62.825044395988-30.140929317948-2022-07-23-cloudberry
198,0.0,0,0.0,67.138884996671-24.000442836702-2021-08-07-bilberry
199,0.099,100,29.17,61.187949063426-23.092550012858-2021-09-11-lingonberry
200,0.055,100,4.17,63.550420850425-24.182219297212-2021-07-15-cloudberry
201,0.0,0,0.0,65.811370948355-25.250103036255-2018-07-17-cloudberry
202,0.0,0,0.0,66.164347020003-24.782056115504-2020-07-27-bilberry
203,0.036000000000000004,100,4.17,65.544653894761-28.515474717463-2021-07-15-cloudberry
204,11.532,100,45.83,65.544653894761-28.515474717463-2022-07-27-cloudberry
205,0.0,0,0.0,60.460426507891-22.816310845211-2018-07-16-bilberry
206,0.0,0,0.0,60.018137456338-23.052028057436-2021-07-22-bilberry
207,0.0,0,0.0,61.513500810334-26.812063769739-2021-09-19-lingonberry
208,0.0,0,0.0,66.269948401788-27.000021274407-2018-07-30-bilberry
209,0.146,100,8.33,65.183608433863-28.708394121341-2020-08-07-cloudberry
210,1.048,100,12.5,67.066717069538-28.840035931481-2022-07-25-bilberry
211,2.067,100,33.33,63.353232253327-23.401437688180-2021-08-03-bilberry
212,0.0,0,0.0,63.102203737095-29.774282880010-2019-07-16-cloudberry
213,1.57,100,37.5,66.090521034112-27.000022265011-2021-07-30-bilberry
214,3.488,100,37.5,62.825044395988-30.140929317948-2019-07-19-cloudberry
215,0.0,0,0.0,63.437607835055-23.190159375651-2020-08-05-bilberry
216,0.0,0,0.0,62.314979271783-25.649501497880-2020-08-27-lingonberry
217,0.0,0,0.0,61.062715988496-27.741036033643-2019-08-06-lingonberry
218,0.0,0,0.0,61.187949063426-23.092550012858-2022-09-06-lingonberry
219,0.0,0,0.0,61.301229730432-24.012672163928-2021-07-17-bilberry
220,0.58,100,33.33,60.971811217914-26.076344223156-2021-08-14-bilberry
221,0.081,100,20.83,63.563958091980-29.013431098546-2020-08-22-lingonberry
222,0.0,0,0.0,61.873545236935-22.053058599543-2021-08-29-lingonberry
223,0.593,100,29.17,62.825044395988-30.140929317948-2022-07-28-bilberry
224,0.0,0,0.0,61.410974303915-25.126639490269-2022-08-20-lingonberry
225,0.0,0,0.0,65.452659159736-28.725922810504-2019-08-28-lingonberry
226,0.0,0,0.0,64.263227992885-30.096842705717-2020-07-18-bilberry
227,6.224,100,70.83,66.177693414402-27.887541098474-2022-08-04-bilberry
228,0.0,0,0.0,61.839112844313-23.960461572665-2021-07-17-bilberry
229,0.0,0,0.0,61.253965261142-22.337691921206-2022-07-21-bilberry
230,0.0,0,0.0,60.302002786206-23.561166525370-2022-08-20-lingonberry
231,1.244,100,62.5,61.149937060460-28.114639492861-2020-07-25-bilberry
232,0.1,100,4.17,64.263227992885-30.096842705717-2021-07-11-bilberry
233,0.0,0,0.0,66.063791293103-24.127741130740-2022-09-10-lingonberry
234,1.5350000000000001,100,33.33,60.971811217914-26.076344223156-2022-07-26-bilberry
235,0.0,0,0.0,65.282893291024-27.214355171535-2021-07-14-cloudberry
236,0.085,100,4.17,63.398031694381-26.599711122656-2019-07-14-bilberry
237,0.0,0,0.0,65.548356555527-28.082602265075-2021-07-17-cloudberry
238,0.0,0,0.0,61.480531562117-23.995492019329-2021-07-14-bilberry
239,0.0,0,0.0,65.993086744770-28.542032708694-2020-08-19-bilberry
240,0.20400000000000001,100,12.5,66.443576572385-25.654530691516-2022-07-16-cloudberry
241,2.967,100,50.0,64.293680515110-27.826526726468-2022-07-18-bilberry
242,0.0,0,0.0,66.074699588086-24.789876502369-2019-07-23-bilberry
243,22.847,100,75.0,61.956022559943-25.665393843282-2021-08-10-bilberry
244,6.962,100,54.17,60.792273561397-26.081519772040-2022-07-15-bilberry
245,0.0,0,0.0,62.856656127844-27.982352361346-2020-08-18-bilberry
246,0.0,0,0.0,63.635949999523-23.971753502659-2018-09-08-lingonberry
247,3.784,100,41.67,67.138884996671-24.000442836702-2019-08-16-bilberry
248,0.0,0,0.0,60.525117132392-22.078047690290-2020-07-19-bilberry
249,0.0,0,0.0,61.873545236935-22.053058599543-2022-08-13-lingonberry
250,1.437,100,16.67,65.452659159736-28.725922810504-2020-08-09-bilberry
251,0.077,100,8.33,63.563958091980-29.013431098546-2020-07-20-cloudberry
252,0.0,0,0.0,61.956018861359-28.334608720696-2020-09-01-lingonberry
253,2.033,100,41.67,69.576590254428-29.054508803361-2018-09-30-lingonberry
254,0.0,0,0.0,61.869427388541-27.950580362578-2020-08-12-lingonberry
255,0.0,0,0.0,63.437607835055-23.190159375651-2019-07-29-bilberry
256,1.002,100,8.33,66.177691811968-26.112502367614-2018-08-04-bilberry
257,0.003,100,4.17,63.725568290587-23.962165686083-2021-08-15-lingonberry
258,0.0,0,0.0,65.731030735580-26.563951310051-2021-07-14-cloudberry
259,2.58,100,83.33,64.923539198615-26.577096689958-2021-10-12-cloudberry
260,0.014,100,4.17,64.294700801411-27.619920357888-2021-07-15-cloudberry
261,0.0,0,0.0,65.985050635898-24.797636603771-2022-07-16-cloudberry
262,0.0,0,0.0,63.471314859921-29.207660238908-2022-08-13-lingonberry
263,2.707,100,20.83,61.253965261142-22.337691921206-2021-08-14-lingonberry
264,2.009,100,29.17,63.038343493080-27.593074692533-2021-09-01-bilberry
265,0.22,100,4.17,61.859572752067-28.900683310537-2021-09-11-lingonberry
266,0.0,0,0.0,65.985050635898-24.797636603771-2020-09-11-lingonberry
267,11.899000000000001,100,45.83,63.635949999523-23.971753502659-2022-07-23-bilberry
268,0.0,0,0.0,61.677398256105-29.078464684855-2021-07-24-bilberry
269,0.09,100,8.33,64.293680515110-27.826526726468-2022-08-14-lingonberry
270,0.017,100,4.17,66.710509845778-25.413290203497-2021-07-31-cloudberry
271,0.611,100,20.83,65.990724161115-28.762200370099-2021-07-31-cloudberry
272,0.19,100,8.33,60.968770304936-28.293025655035-2022-07-24-bilberry
273,0.0,0,0.0,61.693042247509-27.189017670416-2018-07-30-bilberry
274,0.036000000000000004,100,4.17,66.172450909671-28.552945289840-2019-07-30-cloudberry
275,0.0,0,0.0,64.822317655702-28.896193429693-2021-09-04-lingonberry
276,0.14400000000000002,100,4.17,60.703629731031-26.267246984625-2019-07-18-bilberry
277,0.0,0,0.0,65.546659433223-28.299055446451-2020-07-17-cloudberry
278,0.0,0,0.0,62.825044395988-30.140929317948-2021-07-13-cloudberry
279,0.02,100,8.33,63.662723857046-25.787865163091-2020-09-06-lingonberry
280,0.0,0,0.0,66.800194117739-28.592512322510-2018-08-01-cloudberry
281,0.0,0,0.0,63.353232253327-23.401437688180-2019-07-30-bilberry
282,0.364,100,25.0,61.153377873315-27.557366117334-2022-08-18-lingonberry
283,0.0,0,0.0,63.483272863696-25.795452359638-2019-07-20-cloudberry
284,0.038,100,8.33,60.774197217657-24.612965020235-2022-09-03-lingonberry
285,0.0,0,0.0,63.483272863696-25.795452359638-2021-07-12-cloudberry
286,0.273,100,8.33,64.006056215888-29.454399062118-2019-08-10-lingonberry
287,0.309,100,4.17,66.446795637274-26.102957885240-2018-07-31-bilberry
288,36.529,100,87.5,61.591215591914-21.720607487443-2020-07-24-bilberry
289,8.39,100,50.0,63.819314344283-29.844665697759-2021-08-02-lingonberry
290,0.0,0,0.0,60.525933348474-27.182187694342-2018-07-30-bilberry
291,0.0,0,0.0,65.993086744770-28.542032708694-2018-08-17-bilberry
292,0.018000000000000002,100,4.17,64.475335457447-26.792022750362-2018-08-30-lingonberry
293,1.508,100,37.5,62.441667732361-22.929648244563-2020-09-05-bilberry
294,0.0,0,0.0,60.869939872732-24.974238660460-2022-07-30-bilberry
295,0.045,100,4.17,61.423728699688-26.812604614421-2020-07-21-bilberry
296,0.027,100,16.67,63.199072219009-29.385761771686-2022-08-29-lingonberry
297,1.4929999999999999,100,8.33,64.474159143857-26.376065893324-2018-06-28-cloudberry
298,0.10200000000000001,100,12.5,63.550420850425-24.182219297212-2022-07-17-cloudberry
299,0.405,100,20.83,64.475335457447-26.792022750362-2022-08-25-lingonberry
300,0.864,100,20.83,63.042937334035-22.053522490823-2022-08-28-lingonberry
301,0.601,100,45.83,63.367075235015-29.999901598982-2021-08-18-lingonberry
302,4.348,100,45.83,64.822317655702-28.896193429693-2020-08-23-lingonberry
303,0.009000000000000001,100,8.33,64.474894262885-26.584039350618-2019-09-16-lingonberry
304,0.048,100,8.33,66.067742838297-24.348382661960-2021-08-06-bilberry
305,1.525,100,20.83,61.584702206498-29.260691082392-2022-07-29-bilberry
306,2.005,100,33.33,61.956018861359-28.334608720696-2022-09-03-lingonberry
307,0.0,0,0.0,60.600759605211-24.991134265128-2021-07-21-bilberry
308,0.038,100,4.17,63.456698773118-30.009307177650-2021-07-19-cloudberry
309,0.0,0,0.0,60.614569690756-22.064395556063-2021-07-14-bilberry
310,0.113,100,4.17,65.544653894761-28.515474717463-2019-07-29-cloudberry
311,4.79,100,58.33,65.452659159736-28.725922810504-2020-07-22-cloudberry
312,0.009000000000000001,100,8.33,63.662723857046-25.787865163091-2020-07-26-bilberry
313,0.0,0,0.0,62.946396778006-27.985359242921-2020-07-27-bilberry
314,0.0,0,0.0,64.294700801411-27.619920357888-2020-07-19-bilberry
315,0.0,0,0.0,64.294700801411-27.619920357888-2020-08-21-lingonberry
316,3.711,100,41.67,63.819314344283-29.844665697759-2020-08-24-lingonberry
317,0.0,0,0.0,62.316719248276-25.842377501844-2022-07-25-bilberry
318,0.0,0,0.0,64.292366070093-25.966931760841-2020-08-21-bilberry
319,0.05,100,4.17,62.441667732361-22.929648244563-2019-09-18-lingonberry
320,9.211,100,8.33,67.252542770522-28.158825243037-2018-07-22-cloudberry
321,0.0,0,0.0,65.452659159736-28.725922810504-2018-09-07-lingonberry
322,0.833,100,20.83,65.901050037324-28.756037781642-2021-07-31-cloudberry
323,0.0,0,0.0,66.800194117739-28.592512322510-2018-08-01-bilberry
324,0.764,100,4.17,63.550420850425-24.182219297212-2019-07-16-cloudberry
325,0.051000000000000004,100,12.5,62.441667732361-22.929648244563-2021-07-19-bilberry
326,0.494,100,37.5,62.410085919345-21.964546229480-2021-08-20-bilberry
327,3.166,100,12.5,64.376388132796-25.341948147709-2022-09-18-lingonberry
328,0.4,100,4.17,62.321530668488-27.000007985439-2022-07-24-bilberry
329,0.61,100,16.67,60.690487880359-24.985538704394-2021-09-23-lingonberry
330,0.0,0,0.0,66.445348987872-28.121300798338-2020-07-25-cloudberry
331,5.635,100,12.5,65.636356900975-28.303539670803-2020-07-21-cloudberry
332,15.176,100,83.33,66.000647978502-26.779687807622-2020-07-23-cloudberry
333,0.0,0,0.0,61.062715988496-27.741036033643-2018-09-08-lingonberry
334,8.011,100,8.33,66.710509845778-25.413290203497-2018-07-26-bilberry
335,0.736,100,20.83,63.348057928672-23.202030299405-2022-08-27-lingonberry
336,0.099,100,4.17,64.263227992885-30.096842705717-2022-08-14-lingonberry
337,3.696,100,8.33,66.177693414402-27.887541098474-2018-08-19-bilberry
338,0.0,0,0.0,61.423729502415-27.187389365941-2021-07-21-bilberry
339,0.0,0,0.0,60.690487880359-24.985538704394-2019-09-01-lingonberry
340,1.077,100,8.33,69.579405931858-28.797861670517-2019-09-27-lingonberry
341,0.10200000000000001,100,4.17,65.546659433223-28.299055446451-2019-07-29-bilberry
342,0.0,0,0.0,61.873545236935-22.053058599543-2022-07-19-bilberry
343,0.0,0,0.0,61.591215591914-21.720607487443-2021-07-14-bilberry
344,0.0,0,0.0,64.295866161411-26.793376802717-2018-08-04-bilberry
345,0.0,0,0.0,61.153377873315-27.557366117334-2022-07-21-bilberry
346,0.0,0,0.0,62.410081201748-26.419416956683-2021-06-30-bilberry
347,2.98,100,12.5,65.452659159736-28.725922810504-2020-08-24-lingonberry
348,0.427,100,4.17,63.199072219009-29.385761771686-2019-07-20-bilberry
349,0.0,0,0.0,62.946396778006-27.985359242921-2019-07-29-bilberry
350,0.0,0,0.0,66.443576572385-25.654530691516-2020-08-18-lingonberry
351,2.447,100,50.0,63.353232253327-23.401437688180-2022-07-27-bilberry
352,0.0,0,0.0,66.445348987872-28.121300798338-2021-07-27-cloudberry
353,0.0,0,0.0,61.859572752067-28.900683310537-2020-07-13-bilberry
354,17.541,100,70.83,61.839112844313-23.960461572665-2022-07-23-bilberry
355,3.618,100,75.0,64.475335457447-26.792022750362-2021-08-03-bilberry
356,0.0,0,0.0,63.398031694381-26.599711122656-2018-07-30-lingonberry
357,0.14400000000000002,100,25.0,60.460426507891-22.816310845211-2021-08-27-lingonberry
358,0.01,100,4.17,64.188713711861-29.264605960495-2018-07-23-bilberry
359,0.05,100,12.5,60.690487880359-24.985538704394-2020-08-29-lingonberry
360,0.0,0,0.0,66.177693414402-27.887541098474-2020-08-03-bilberry
361,0.113,100,8.33,66.000648388785-27.220357721627-2022-07-17-cloudberry
362,0.0,0,0.0,63.483272863696-25.795452359638-2020-07-16-cloudberry
363,0.427,100,4.17,63.998573941713-29.862888267965-2019-09-25-lingonberry
364,0.0,0,0.0,66.074703966327-29.210145528763-2022-07-24-bilberry
365,1.5670000000000002,100,45.83,66.174516003895-28.331178510805-2021-07-19-bilberry
366,0.0,0,0.0,62.825044395988-30.140929317948-2019-07-28-bilberry
367,0.0,0,0.0,61.859572752067-28.900683310537-2020-08-12-lingonberry
368,0.0,0,0.0,64.822317655702-28.896193429693-2022-07-24-bilberry
369,0.852,100,54.17,67.138884996671-24.000442836702-2018-08-13-bilberry
370,9.588,100,4.17,61.098380275116-23.103620044220-2018-09-11-lingonberry
371,0.0,0,0.0,63.398031694381-26.599711122656-2022-07-24-bilberry
372,0.0,0,0.0,62.314979271783-25.649501497880-2021-07-27-bilberry
373,0.791,100,37.5,65.099813796782-25.935701139034-2021-10-12-lingonberry
374,1.365,100,8.33,61.153377873315-27.557366117334-2019-09-12-lingonberry
375,6.171,100,8.33,60.600759605211-24.991134265128-2019-07-06-bilberry
376,1.104,100,8.33,61.301229730432-24.012672163928-2019-08-15-lingonberry
377,0.069,100,8.33,63.733520843844-29.633374677084-2021-07-24-cloudberry
378,4.071,100,54.17,63.476942248701-25.193478894290-2022-08-28-lingonberry
379,0.0,0,0.0,60.518110758572-25.542800795655-2020-08-07-bilberry
380,0.0,0,0.0,61.253965261142-22.337691921206-2021-07-14-bilberry
381,0.658,100,12.5,65.990724161115-28.762200370099-2020-08-13-cloudberry
382,0.4,100,12.5,67.346257435459-26.767357485753-2021-07-31-bilberry
383,0.0,0,0.0,62.312968774603-28.543343294831-2022-08-23-lingonberry
384,0.0,0,0.0,63.635949999523-23.971753502659-2019-09-06-lingonberry
385,4.508,100,66.67,60.971811217914-26.076344223156-2020-09-12-lingonberry
386,0.0,0,0.0,62.052241246555-27.000010284662-2021-07-19-bilberry
387,3.584,100,29.17,63.367075235015-29.999901598982-2022-08-18-lingonberry
388,0.0,0,0.0,66.710509845778-25.413290203497-2022-09-01-bilberry
389,0.41600000000000004,100,8.33,63.476942248701-25.193478894290-2018-08-06-lingonberry
390,2.319,100,37.5,62.197663074279-23.924464178366-2021-07-08-bilberry
391,0.75,100,16.67,64.177826207225-29.881374025512-2022-09-04-lingonberry
392,0.8130000000000001,100,8.33,63.036136197824-27.988387027105-2018-08-18-lingonberry
393,0.0,0,0.0,66.172450909671-28.552945289840-2021-08-12-lingonberry
394,0.0,0,0.0,66.710509845778-25.413290203497-2018-08-01-bilberry
395,0.0,0,0.0,63.998573941713-29.862888267965-2018-09-08-lingonberry
396,0.922,100,4.17,61.956018861359-28.334608720696-2020-07-29-bilberry
397,0.0,0,0.0,63.755297386655-27.810740884660-2022-08-03-bilberry
398,0.0,0,0.0,65.993086744770-28.542032708694-2022-09-09-lingonberry
399,0.0,0,0.0,61.253965261142-22.337691921206-2020-07-14-bilberry
400,3.811,100,29.17,63.302002102237-25.603511477658-2020-09-08-lingonberry
401,0.0,0,0.0,65.636356900975-28.303539670803-2019-09-24-lingonberry
402,0.0,0,0.0,63.398031694381-26.599711122656-2018-07-20-bilberry
403,0.0,0,0.0,60.322319978721-24.464913011268-2020-07-20-bilberry
404,0.0,0,0.0,61.867983163323-28.140653129185-2020-08-16-lingonberry
405,0.0,0,0.0,63.476942248701-25.193478894290-2022-07-16-cloudberry
406,0.079,100,8.33,64.474894262885-26.584039350618-2018-09-22-lingonberry
407,0.0,0,0.0,65.546659433223-28.299055446451-2020-07-27-bilberry
408,0.02,100,4.17,60.780214636376-24.979906946751-2018-08-31-lingonberry
409,0.0,0,0.0,60.600759605211-24.991134265128-2020-07-20-bilberry
410,15.692,100,70.83,64.822317655702-28.896193429693-2021-07-22-bilberry
411,6.874,100,95.83,67.138884996671-24.000442836702-2021-08-15-lingonberry
412,0.0,0,0.0,66.000647978502-26.779687807622-2021-07-24-cloudberry
413,0.0,0,0.0,64.202646339631-28.029769936067-2018-07-28-bilberry
414,0.0,0,0.0,62.441667732361-22.929648244563-2019-07-19-bilberry
415,0.089,100,12.5,64.181741821234-29.675845245839-2022-08-14-bilberry
416,19.156,100,91.67,60.518110758572-25.542800795655-2021-08-26-lingonberry
417,0.0,0,0.0,63.038343493080-27.593074692533-2021-08-28-lingonberry
418,0.0,0,0.0,63.662723857046-25.787865163091-2021-08-29-lingonberry
419,0.0,0,0.0,63.042937334035-22.053522490823-2022-07-19-bilberry
420,0.0,0,0.0,61.956018861359-28.334608720696-2022-07-22-cloudberry
421,0.019,100,4.17,62.470722955507-29.909548750303-2019-08-15-lingonberry
422,0.0,0,0.0,61.243149793932-27.558953504414-2019-07-11-bilberry
423,0.0,0,0.0,62.197663074279-23.924464178366-2020-09-21-lingonberry
424,0.117,100,4.17,63.398031694381-26.599711122656-2021-07-10-bilberry
425,0.0,0,0.0,64.295866161411-26.793376802717-2021-07-26-bilberry
426,0.0,0,0.0,62.470722955507-29.909548750303-2018-08-26-bilberry
427,10.296,100,25.0,63.656343372832-25.182074676698-2018-09-13-lingonberry
428,0.0,0,0.0,61.098380275116-23.103620044220-2018-07-26-bilberry
429,0.0,0,0.0,61.423729502415-27.187389365941-2022-07-25-bilberry
430,0.06,100,8.33,61.410974303915-25.126639490269-2021-09-05-lingonberry
431,0.0,0,0.0,63.476942248701-25.193478894290-2019-07-20-bilberry
432,0.026000000000000002,100,4.17,61.098380275116-23.103620044220-2018-07-11-bilberry
433,0.0,0,0.0,64.475335457447-26.792022750362-2020-09-01-lingonberry
434,2.952,100,4.17,65.996865347816-25.898467471936-2019-08-30-bilberry
435,0.0,0,0.0,66.090521034112-27.000022265011-2022-07-23-bilberry
436,0.231,100,8.33,64.293680515110-27.826526726468-2021-07-11-bilberry
437,0.385,100,8.33,61.098380275116-23.103620044220-2019-07-17-bilberry
438,0.624,100,4.17,60.612730687538-26.086610530258-2019-07-09-bilberry
439,0.0,0,0.0,60.780214636376-24.979906946751-2019-07-10-bilberry
440,4.453,100,29.17,63.437607835055-23.190159375651-2021-07-30-bilberry
441,0.023,100,4.17,67.781000007895-24.866921400143-2020-08-13-bilberry
442,0.0,0,0.0,65.546659433223-28.299055446451-2022-07-25-cloudberry
443,0.0,0,0.0,63.819314344283-29.844665697759-2020-07-19-bilberry
444,0.0,0,0.0,63.755297386655-27.810740884660-2022-08-26-lingonberry
445,0.24,100,16.67,60.971811217914-26.076344223156-2021-08-22-lingonberry
446,0.0,0,0.0,66.443576572385-25.654530691516-2019-08-04-bilberry
447,0.0,0,0.0,63.476942248701-25.193478894290-2020-07-14-bilberry
448,0.0,0,0.0,63.662723857046-25.787865163091-2021-07-12-bilberry
449,3.127,100,4.17,63.302002102237-25.603511477658-2019-09-07-lingonberry
450,0.0,0,0.0,65.452659159736-28.725922810504-2021-08-29-lingonberry
451,0.0,0,0.0,60.607866371389-25.538754896013-2022-08-26-lingonberry
452,0.0,0,0.0,60.869939872732-24.974238660460-2021-07-25-bilberry
453,0.0,0,0.0,63.550420850425-24.182219297212-2020-07-18-cloudberry
454,4.0,100,20.83,61.410974303915-25.126639490269-2022-07-11-bilberry
455,21.477,100,8.33,65.357470340951-29.149706568634-2018-07-21-cloudberry
456,0.0,0,0.0,61.839112844313-23.960461572665-2022-09-04-lingonberry
457,0.018000000000000002,100,4.17,63.288743662787-29.393172622880-2019-08-01-bilberry
458,0.10300000000000001,100,12.5,66.443576572385-25.654530691516-2020-07-21-cloudberry
459,0.0,0,0.0,61.867983163323-28.140653129185-2021-08-31-lingonberry
460,0.0,0,0.0,62.441667732361-22.929648244563-2018-07-15-bilberry
461,0.0,0,0.0,61.301229730432-24.012672163928-2018-08-08-lingonberry
462,1.081,100,12.5,69.579405931858-28.797861670517-2019-09-07-bilberry
463,0.0,0,0.0,62.825044395988-30.140929317948-2020-07-27-bilberry
464,0.0,0,0.0,63.199072219009-29.385761771686-2020-09-01-lingonberry
465,0.0,0,0.0,64.111332228622-28.231681107945-2020-07-27-bilberry
466,0.0,0,0.0,61.956022559943-25.665393843282-2019-07-21-bilberry
467,0.376,100,29.17,64.376388132796-25.341948147709-2022-08-03-bilberry
468,0.225,100,12.5,61.671146796379-29.455985669682-2020-07-31-bilberry
469,0.0,0,0.0,62.314979271783-25.649501497880-2021-08-28-lingonberry
470,0.361,100,45.83,62.825044395988-30.140929317948-2020-09-09-lingonberry
471,0.253,100,8.33,68.229148258131-24.825229621109-2018-08-13-bilberry
472,0.0,0,0.0,66.800194117739-28.592512322510-2019-08-28-cloudberry
473,0.0,0,0.0,64.092101095135-29.667228854948-2019-08-11-bilberry
474,0.046,100,4.17,66.359660516525-27.000020785617-2018-08-29-lingonberry
475,0.018000000000000002,100,4.17,63.635949999523-23.971753502659-2018-07-20-bilberry
476,6.939,100,8.33,66.800194117739-28.592512322510-2019-08-26-bilberry
477,0.0,0,0.0,63.302002102237-25.603511477658-2022-07-24-bilberry
478,5.904,100,62.5,63.662723857046-25.787865163091-2022-07-23-bilberry
479,2.901,100,58.33,65.548356555527-28.082602265075-2020-07-22-cloudberry
480,0.0,0,0.0,63.662723857046-25.787865163091-2018-07-18-bilberry
481,0.0,0,0.0,69.579405931858-28.797861670517-2018-07-27-cloudberry
482,0.0,0,0.0,64.475335457447-26.792022750362-2018-08-11-bilberry
483,0.262,100,4.17,60.882038183263-27.921063406034-2018-07-26-bilberry
484,0.0,0,0.0,65.546659433223-28.299055446451-2019-07-31-cloudberry
485,0.0,0,0.0,65.636356900975-28.303539670803-2022-07-22-cloudberry
486,0.044,100,4.17,66.351806989347-25.435990177176-2021-07-15-cloudberry
487,4.751,100,8.33,65.546659433223-28.299055446451-2018-08-06-bilberry
488,0.598,100,8.33,64.263227992885-30.096842705717-2021-08-21-lingonberry
489,5.604,100,95.83,62.314979271783-25.649501497880-2020-07-25-bilberry
490,0.312,100,25.0,66.445348987872-28.121300798338-2022-09-13-lingonberry
491,0.0,0,0.0,66.443576572385-25.654530691516-2019-09-01-lingonberry
492,0.042,100,8.33,60.971811217914-26.076344223156-2022-09-03-lingonberry
493,0.0,0,0.0,65.985050635898-24.797636603771-2018-05-27-cloudberry
494,0.112,100,4.17,65.452659159736-28.725922810504-2019-08-17-bilberry
495,0.0,0,0.0,66.800194117739-28.592512322510-2022-08-23-lingonberry
496,0.779,100,29.17,65.275578779105-28.500018089068-2021-09-01-lingonberry
497,0.0,0,0.0,62.825044395988-30.140929317948-2021-09-01-lingonberry
498,0.0,0,0.0,61.671146796379-29.455985669682-2021-07-23-bilberry
499,0.0,0,0.0,64.822317655702-28.896193429693-2019-07-23-bilberry
500,0.056,100,4.17,64.475335457447-26.792022750362-2020-08-03-bilberry
501,0.0,0,0.0,64.822317655702-28.896193429693-2020-07-28-bilberry
502,10.029,100,54.17,63.437607835055-23.190159375651-2020-09-12-lingonberry
503,5.906,100,70.83,63.038343493080-27.593074692533-2020-07-29-bilberry
504,0.07200000000000001,100,16.67,62.052241246555-27.000010284662-2020-08-02-bilberry
505,0.0,0,0.0,61.423729502415-27.187389365941-2020-09-15-lingonberry
506,0.0,0,0.0,61.689915024005-27.945056241930-2021-07-24-bilberry
507,0.115,100,4.17,66.172450909671-28.552945289840-2022-07-25-cloudberry
508,0.0,0,0.0,62.470722955507-29.909548750303-2021-08-22-lingonberry
509,0.046,100,8.33,65.367260815358-28.290188362673-2018-09-01-lingonberry
510,0.0,0,0.0,60.600759605211-24.991134265128-2022-07-22-bilberry
511,0.437,100,20.83,62.220973722051-28.731004239214-2022-07-26-bilberry
512,0.0,0,0.0,66.445348987872-28.121300798338-2021-07-27-bilberry
513,0.0,0,0.0,63.353232253327-23.401437688180-2018-07-16-bilberry
514,5.8629999999999995,100,50.0,65.275578779105-28.500018089068-2020-09-12-lingonberry
515,0.0,0,0.0,61.956022559943-25.665393843282-2019-09-01-lingonberry
516,0.0,0,0.0,69.579405931858-28.797861670517-2020-08-04-cloudberry
517,0.0,0,0.0,61.956018861359-28.334608720696-2021-08-28-lingonberry
518,0.003,100,4.17,64.294700801411-27.619920357888-2022-07-17-cloudberry
519,0.0,0,0.0,65.993086744770-28.542032708694-2021-09-11-lingonberry
520,0.429,100,29.17,60.018137456338-23.052028057436-2020-07-09-bilberry
521,0.5740000000000001,100,33.33,65.731030735580-26.563951310051-2022-07-18-cloudberry
522,2.386,100,58.33,63.847316635241-27.000015662314-2020-07-22-cloudberry
523,0.0,0,0.0,63.746042072431-25.176331955036-2020-09-15-lingonberry
524,0.0,0,0.0,64.292366070093-25.966931760841-2021-07-16-bilberry
525,2.164,100,4.17,61.508970199356-25.872527256429-2018-08-04-bilberry
526,0.007,100,4.17,62.429835649544-22.543331909585-2022-09-06-lingonberry
527,0.0,0,0.0,66.340279059236-29.456923357721-2018-07-25-bilberry
528,0.0,0,0.0,60.531700825530-22.259596266479-2020-08-20-lingonberry
529,1.143,100,8.33,62.314979271783-25.649501497880-2018-07-06-bilberry
530,6.953,100,8.33,66.172450909671-28.552945289840-2018-07-22-cloudberry
531,0.272,100,12.5,62.312968774603-28.543343294831-2021-08-20-lingonberry
532,0.34400000000000003,100,20.83,62.825044395988-30.140929317948-2021-07-20-bilberry
533,0.0,0,0.0,63.819314344283-29.844665697759-2021-07-09-bilberry
534,0.0,0,0.0,63.662723857046-25.787865163091-2019-07-20-bilberry
535,0.0,0,0.0,60.774197217657-24.612965020235-2018-09-29-lingonberry
536,0.749,100,12.5,63.563958091980-29.013431098546-2022-07-30-bilberry
537,0.0,0,0.0,66.359660516525-27.000020785617-2018-07-30-bilberry
538,3.239,100,58.33,65.544653894761-28.515474717463-2020-07-22-cloudberry
539,1.083,100,12.5,64.092101095135-29.667228854948-2020-08-05-bilberry
540,0.043000000000000003,100,4.17,61.301229730432-24.012672163928-2018-07-29-bilberry
541,0.0,0,0.0,60.391628299652-23.551708080189-2022-07-25-bilberry
542,0.0,0,0.0,62.946396778006-27.985359242921-2022-08-03-bilberry
543,0.0,0,0.0,60.056504107097-24.665009573953-2018-08-08-bilberry
544,0.671,100,16.67,62.197663074279-23.924464178366-2020-08-12-bilberry
545,0.0,0,0.0,66.445348987872-28.121300798338-2022-07-21-cloudberry
546,0.485,100,29.17,65.183608433863-28.708394121341-2021-07-31-cloudberry
547,0.424,100,37.5,66.067742838297-24.348382661960-2022-07-18-cloudberry
548,9.203,100,37.5,65.367260815358-28.290188362673-2022-08-20-lingonberry
549,0.0,0,0.0,61.243149793932-27.558953504414-2018-07-15-bilberry
550,0.0,0,0.0,67.346257435459-26.767357485753-2021-07-14-cloudberry
551,0.0,0,0.0,66.090362575911-26.778910245055-2021-07-27-cloudberry
552,0.036000000000000004,100,4.17,66.174516003895-28.331178510805-2019-07-30-bilberry
553,0.0,0,0.0,64.292366070093-25.966931760841-2020-09-02-lingonberry
554,3.566,100,37.5,63.635949999523-23.971753502659-2020-09-13-lingonberry
555,0.0,0,0.0,65.636356900975-28.303539670803-2020-09-15-lingonberry
556,0.0,0,0.0,67.346257435459-26.767357485753-2022-07-29-bilberry
557,14.678,100,70.83,62.441667732361-22.929648244563-2021-08-25-lingonberry
558,0.0,0,0.0,66.074703966327-29.210145528763-2022-08-26-lingonberry
559,0.163,100,4.17,65.452659159736-28.725922810504-2020-07-20-cloudberry
560,0.0,0,0.0,60.869939872732-24.974238660460-2020-07-26-bilberry
561,13.276,100,4.17,64.918742733773-28.268595103065-2019-07-17-cloudberry
562,0.0,0,0.0,62.441667732361-22.929648244563-2022-07-19-bilberry
563,1.554,100,62.5,61.873545236935-22.053058599543-2020-07-25-bilberry
564,0.0,0,0.0,69.579405931858-28.797861670517-2022-07-30-cloudberry
565,0.0,0,0.0,61.691084792760-26.243938250101-2020-08-09-bilberry
566,1.034,100,37.5,60.018137456338-23.052028057436-2019-09-06-lingonberry
567,0.0,0,0.0,60.460426507891-22.816310845211-2021-07-19-bilberry
568,0.069,100,4.17,63.635949999523-23.971753502659-2019-07-23-cloudberry
569,1.062,100,33.33,61.859572752067-28.900683310537-2020-08-23-lingonberry
570,0.0,0,0.0,66.800194117739-28.592512322510-2018-08-01-lingonberry
571,15.83,100,66.67,65.985050635898-24.797636603771-2021-07-18-cloudberry
572,0.0,0,0.0,60.702498020817-27.915924676576-2018-07-28-bilberry
573,0.064,100,8.33,62.825044395988-30.140929317948-2019-09-08-lingonberry
574,0.041,100,37.5,64.474894262885-26.584039350618-2022-09-02-lingonberry
575,0.0,0,0.0,63.102203737095-29.774282880010-2019-07-16-bilberry
576,2.267,100,62.5,65.985050635898-24.797636603771-2020-07-24-cloudberry
577,0.0,0,0.0,63.476942248701-25.193478894290-2020-08-17-lingonberry
578,2.747,100,25.0,65.452659159736-28.725922810504-2022-07-26-cloudberry
579,0.117,100,12.5,62.877243334402-22.475480890547-2022-09-04-lingonberry
580,7.83,100,16.67,62.410085919345-21.964546229480-2022-08-07-bilberry
581,0.0,0,0.0,60.018137456338-23.052028057436-2018-08-27-lingonberry
582,0.24,100,16.67,60.869939872732-24.974238660460-2022-08-18-lingonberry
583,0.171,100,4.17,63.819314344283-29.844665697759-2022-07-19-bilberry
584,9.554,100,54.17,65.993086744770-28.542032708694-2021-08-19-bilberry
585,0.0,0,0.0,62.052241246555-27.000010284662-2019-07-23-bilberry
586,4.4030000000000005,100,50.0,60.460426507891-22.816310845211-2022-07-13-bilberry
587,1.9969999999999999,100,25.0,60.869939872732-24.974238660460-2020-08-02-lingonberry
588,0.0,0,0.0,62.314979271783-25.649501497880-2019-07-27-bilberry
589,1.113,100,12.5,63.353232253327-23.401437688180-2020-07-27-bilberry
590,0.603,100,8.33,64.376388132796-25.341948147709-2021-09-07-lingonberry
591,0.0,0,0.0,60.697620609172-25.534682882468-2022-08-05-bilberry
592,0.303,100,8.33,65.636356900975-28.303539670803-2021-09-02-lingonberry
593,1.552,100,54.17,60.703629731031-26.267246984625-2020-08-31-bilberry
594,0.403,100,37.5,66.800194117739-28.592512322510-2022-07-13-cloudberry
595,1.2570000000000001,100,12.5,63.847316635241-27.000015662314-2020-08-03-bilberry
596,0.791,100,37.5,65.099813796782-25.935701139034-2021-10-12-bilberry
597,0.004,100,8.33,64.474894262885-26.584039350618-2020-08-27-lingonberry
598,0.024,100,4.17,65.282893291024-27.214355171535-2022-07-19-bilberry
599,1.032,100,33.33,66.172450909671-28.552945289840-2021-07-19-cloudberry
600,0.0,0,0.0,66.443576572385-25.654530691516-2021-08-07-bilberry
601,14.319,100,75.0,64.923539198615-26.577096689958-2022-07-13-cloudberry
602,0.664,100,4.17,60.968770304936-28.293025655035-2022-08-25-lingonberry
603,0.0,0,0.0,62.946396778006-27.985359242921-2018-07-13-bilberry
604,0.178,100,4.17,66.000648388785-27.220357721627-2021-07-15-cloudberry
605,14.805,100,62.5,64.916793952455-28.479943276795-2020-07-22-cloudberry
606,0.0,0,0.0,61.410974303915-25.126639490269-2021-07-12-bilberry
607,0.0,0,0.0,63.437607835055-23.190159375651-2021-08-31-lingonberry
608,0.273,100,8.33,64.006056215888-29.454399062118-2019-08-10-bilberry
609,0.665,100,45.83,61.859572752067-28.900683310537-2020-07-25-bilberry
610,0.036000000000000004,100,4.17,65.275578779105-28.500018089068-2022-09-08-lingonberry
611,1.358,100,20.83,65.993086744770-28.542032708694-2022-08-03-bilberry
612,1.6560000000000001,100,4.17,63.725568290587-23.962165686083-2021-08-01-bilberry
613,1.5510000000000002,100,25.0,63.442802307442-23.390186604503-2020-09-08-lingonberry
614,0.003,100,8.33,62.877243334402-22.475480890547-2022-07-18-bilberry
615,0.0,0,0.0,66.710509845778-25.413290203497-2022-09-01-lingonberry
616,0.393,100,12.5,61.187949063426-23.092550012858-2022-07-16-bilberry
617,0.073,100,4.17,63.353232253327-23.401437688180-2018-08-22-lingonberry
618,0.0,0,0.0,63.819314344283-29.844665697759-2019-07-16-cloudberry
619,0.0,0,0.0,61.689915024005-27.945056241930-2019-07-17-bilberry
620,0.101,100,4.17,60.690487880359-24.985538704394-2018-09-02-lingonberry
621,1.359,100,25.0,66.443576572385-25.654530691516-2021-07-20-cloudberry
622,0.0,0,0.0,62.410081201748-26.419416956683-2020-07-16-bilberry
623,9.84,100,70.83,65.367260815358-28.290188362673-2020-08-23-lingonberry
624,0.17300000000000001,100,4.17,61.867983163323-28.140653129185-2020-08-05-bilberry
625,0.0,0,0.0,61.153377873315-27.557366117334-2020-09-26-lingonberry
626,0.0,0,0.0,61.677398256105-29.078464684855-2022-07-19-bilberry
627,0.0,0,0.0,63.662723857046-25.787865163091-2018-08-12-lingonberry
628,0.0,0,0.0,65.275578779105-28.500018089068-2022-07-30-bilberry
629,0.0,0,0.0,63.476942248701-25.193478894290-2018-07-07-bilberry
630,0.0,0,0.0,66.343641548573-29.233787068132-2019-09-02-lingonberry
631,0.0,0,0.0,62.381078353094-29.900850363759-2018-09-01-lingonberry
632,0.0,0,0.0,61.869427388541-27.950580362578-2019-08-18-lingonberry
633,3.417,100,8.33,65.907165501730-25.902322065218-2018-07-04-bilberry
634,0.0,0,0.0,66.067742838297-24.348382661960-2020-07-27-cloudberry
635,6.791,100,58.33,65.731031585429-27.436097267768-2020-07-30-bilberry
636,0.736,100,12.5,61.956022559943-25.665393843282-2021-08-24-lingonberry
637,0.001,100,4.17,69.579405931858-28.797861670517-2022-09-21-lingonberry
638,0.0,0,0.0,65.548356555527-28.082602265075-2019-07-25-cloudberry
639,2.482,100,25.0,65.993086744770-28.542032708694-2020-09-26-lingonberry
640,0.0,0,0.0,62.410085919345-21.964546229480-2020-08-16-bilberry
641,0.0,0,0.0,63.199072219009-29.385761771686-2021-07-21-bilberry
642,0.0,0,0.0,67.435449852987-26.532931833178-2018-07-30-cloudberry
643,2.683,100,33.33,61.956022559943-25.665393843282-2020-07-21-bilberry
644,0.599,100,8.33,61.677398256105-29.078464684855-2020-07-20-bilberry
645,0.092,100,8.33,60.460426507891-22.816310845211-2022-09-02-lingonberry
646,0.0,0,0.0,60.460426507891-22.816310845211-2020-09-02-lingonberry
647,0.0,0,0.0,66.343641548573-29.233787068132-2018-07-10-cloudberry
648,3.544,100,12.5,61.323678788559-25.318697798898-2019-09-12-lingonberry
649,0.0,0,0.0,60.690487880359-24.985538704394-2022-09-17-lingonberry
650,0.0,0,0.0,66.443576572385-25.654530691516-2020-08-03-bilberry
651,0.0,0,0.0,60.794913006699-26.632586356123-2022-07-22-bilberry
652,0.01,100,4.17,64.188713711861-29.264605960495-2018-07-23-cloudberry
653,3.696,100,41.67,62.410081201748-26.419416956683-2021-08-23-lingonberry
654,0.133,100,12.5,61.513500810334-26.812063769739-2022-09-04-lingonberry
655,2.393,100,16.67,63.437607835055-23.190159375651-2022-07-22-bilberry
656,0.0,0,0.0,61.423728699688-26.812604614421-2021-08-27-lingonberry
657,0.0,0,0.0,63.635949999523-23.971753502659-2021-08-13-bilberry
658,0.01,100,4.17,62.314979271783-25.649501497880-2019-08-26-lingonberry
659,0.0,0,0.0,67.407615621319-23.966666820239-2019-08-05-bilberry
660,0.0,0,0.0,63.302002102237-25.603511477658-2019-07-19-bilberry
661,0.488,100,4.17,66.800194117739-28.592512322510-2019-09-23-lingonberry
662,0.006,100,4.17,66.063791293103-24.127741130740-2021-09-04-lingonberry
663,0.0,0,0.0,63.476942248701-25.193478894290-2020-07-14-cloudberry
664,0.296,100,8.33,65.546659433223-28.299055446451-2021-07-25-cloudberry
665,0.0,0,0.0,65.811370948355-25.250103036255-2018-07-17-bilberry
666,0.0,0,0.0,66.090362981299-27.221134280696-2018-07-11-cloudberry
667,0.242,100,16.67,62.088946495761-23.168775630496-2022-08-12-bilberry
668,0.036000000000000004,100,4.17,65.275578779105-28.500018089068-2020-08-10-bilberry
669,0.044,100,4.17,63.640057082736-24.173330651347-2019-07-23-cloudberry
670,1.651,100,8.33,66.443576572385-25.654530691516-2018-08-27-lingonberry
671,0.0,0,0.0,61.956018861359-28.334608720696-2022-08-05-bilberry
672,0.0,0,0.0,66.067742838297-24.348382661960-2020-08-03-bilberry
673,2.952,100,4.17,65.996865347816-25.898467471936-2019-08-30-cloudberry
674,0.0,0,0.0,63.476942248701-25.193478894290-2019-07-20-cloudberry
675,0.081,100,8.33,65.985050635898-24.797636603771-2022-08-28-lingonberry
676,1.283,100,37.5,61.410974303915-25.126639490269-2020-08-23-lingonberry
677,0.10300000000000001,100,4.17,65.985050635898-24.797636603771-2019-09-16-lingonberry
678,0.012,100,16.67,69.579405931858-28.797861670517-2020-08-11-bilberry
679,1.459,100,29.17,62.321530668488-27.000007985439-2022-09-03-lingonberry
680,4.95,100,70.83,63.302002102237-25.603511477658-2022-09-16-lingonberry
681,0.0,0,0.0,60.792273561397-26.081519772040-2022-09-10-lingonberry
682,0.019,100,4.17,64.822317655702-28.896193429693-2019-08-11-lingonberry
683,0.06,100,8.33,65.273293358771-28.714193131361-2018-08-07-bilberry
684,0.0,0,0.0,60.966875080557-25.522307756142-2019-07-19-bilberry
685,0.0,0,0.0,61.859572752067-28.900683310537-2021-07-19-bilberry
686,2.01,100,4.17,62.441667732361-22.929648244563-2018-09-01-lingonberry
687,0.934,100,16.67,63.302002102237-25.603511477658-2020-07-24-bilberry
688,0.8180000000000001,100,37.5,62.088946495761-23.168775630496-2020-08-03-bilberry
689,0.244,100,8.33,65.452659159736-28.725922810504-2021-07-25-cloudberry
690,3.336,100,29.17,67.063899051147-29.069863634565-2020-07-16-cloudberry
691,0.0,0,0.0,62.410081201748-26.419416956683-2020-09-02-lingonberry
692,0.001,100,4.17,65.546659433223-28.299055446451-2019-08-01-cloudberry
693,0.275,100,4.17,61.507287992498-25.684670106547-2018-08-10-bilberry
694,0.0,0,0.0,66.174516003895-28.331178510805-2020-08-03-bilberry
695,0.0,0,0.0,66.090521034112-27.000022265011-2022-07-23-cloudberry
696,0.0,0,0.0,65.452659159736-28.725922810504-2018-07-30-bilberry
697,0.004,100,4.17,64.202646339631-28.029769936067-2018-07-23-cloudberry
698,1.483,100,12.5,61.423858024411-26.999996991012-2022-07-18-bilberry
699,0.0,0,0.0,65.282893291024-27.214355171535-2020-07-12-cloudberry
700,0.0,0,0.0,65.820747409918-27.437615336293-2021-08-07-bilberry
701,0.0,0,0.0,63.847316635241-27.000015662314-2020-08-12-lingonberry
702,0.0,0,0.0,60.703629731031-26.267246984625-2018-07-25-bilberry
703,1.783,100,45.83,63.199072219009-29.385761771686-2022-07-18-bilberry
704,0.153,100,20.83,66.067742838297-24.348382661960-2019-08-07-bilberry
705,0.011,100,4.17,66.891990870771-25.629913212991-2020-07-20-cloudberry
706,0.0,0,0.0,60.703629731031-26.267246984625-2018-08-22-lingonberry
707,0.986,100,4.17,65.546659433223-28.299055446451-2018-07-23-cloudberry
708,1.55,100,20.83,63.442802307442-23.390186604503-2021-09-03-lingonberry
709,0.0,0,0.0,65.731030735580-26.563951310051-2020-07-15-cloudberry
710,0.0,0,0.0,63.199072219009-29.385761771686-2021-08-30-lingonberry
711,0.626,100,41.67,63.456698773118-30.009307177650-2022-07-18-cloudberry
712,0.67,100,41.67,61.677398256105-29.078464684855-2022-09-03-lingonberry
713,0.0,0,0.0,66.067742838297-24.348382661960-2021-07-16-cloudberry
714,6.109,100,45.83,66.445348987872-28.121300798338-2022-08-02-bilberry
715,1.6179999999999999,100,12.5,63.199072219009-29.385761771686-2020-07-31-bilberry
716,0.0,0,0.0,61.507287992498-25.684670106547-2020-08-15-lingonberry
717,0.0,0,0.0,64.263227992885-30.096842705717-2019-09-01-lingonberry
718,0.0,0,0.0,63.819314344283-29.844665697759-2018-08-29-lingonberry
719,0.0,0,0.0,66.443576572385-25.654530691516-2022-08-21-lingonberry
720,0.0,0,0.0,64.376388132796-25.341948147709-2020-08-21-lingonberry
721,0.0,0,0.0,63.483272863696-25.795452359638-2018-07-18-cloudberry
722,0.014,100,12.5,66.800194117739-28.592512322510-2020-07-26-cloudberry
723,0.03,100,4.17,63.437607835055-23.190159375651-2022-08-31-lingonberry
724,0.0,0,0.0,67.153530894875-24.922467807280-2018-08-01-bilberry
725,0.0,0,0.0,65.282893291024-27.214355171535-2021-07-26-bilberry
726,1.252,100,87.5,61.301229730432-24.012672163928-2020-08-30-lingonberry
727,1.619,100,50.0,61.301229730432-24.012672163928-2021-09-03-lingonberry
728,1.994,100,25.0,66.800194117739-28.592512322510-2022-08-10-bilberry
729,0.0,0,0.0,63.746042072431-25.176331955036-2021-07-19-bilberry
730,0.167,100,16.67,61.423729502415-27.187389365941-2022-09-04-lingonberry
731,5.968,100,79.17,64.006056215888-29.454399062118-2022-09-03-lingonberry
732,0.091,100,8.33,63.476942248701-25.193478894290-2019-08-18-lingonberry
733,0.007,100,4.17,60.525117132392-22.078047690290-2020-07-27-bilberry
734,3.698,100,58.33,67.138884996671-24.000442836702-2020-07-25-bilberry
735,1.0,100,20.83,62.416935713381-22.157377824874-2021-09-09-lingonberry
736,4.095,100,25.0,66.800194117739-28.592512322510-2021-08-01-lingonberry
737,0.0,0,0.0,63.819314344283-29.844665697759-2018-07-12-cloudberry
738,0.0,0,0.0,65.282893291024-27.214355171535-2020-07-27-bilberry
739,0.0,0,0.0,60.418452392705-24.820750059950-2018-07-24-bilberry
740,0.0,0,0.0,63.662723857046-25.787865163091-2022-08-30-lingonberry
741,0.0,0,0.0,63.833033637422-24.967397132992-2020-07-18-cloudberry
742,0.0,0,0.0,61.957732031849-28.144000749979-2022-08-10-bilberry
743,0.0,0,0.0,63.302002102237-25.603511477658-2021-07-21-bilberry
744,0.212,100,8.33,60.018137456338-23.052028057436-2022-08-02-bilberry
745,0.0,0,0.0,61.584702206498-29.260691082392-2021-08-29-lingonberry
746,0.0,0,0.0,62.946396778006-27.985359242921-2019-08-25-lingonberry
747,0.0,0,0.0,60.705123669967-26.633612279627-2018-07-30-bilberry
748,0.074,100,8.33,61.277515473469-23.081407407034-2018-07-29-bilberry
749,21.742,100,8.33,65.530003812100-29.596865353676-2018-07-21-cloudberry
750,2.358,100,8.33,65.275578779105-28.500018089068-2019-08-14-bilberry
751,19.208,100,8.33,65.270703508586-28.928324447465-2018-07-21-cloudberry
752,23.272,100,50.0,66.800194117739-28.592512322510-2021-07-18-cloudberry
753,0.0,0,0.0,64.474159143857-26.376065893324-2022-07-22-cloudberry
754,0.364,100,12.5,64.006056215888-29.454399062118-2020-07-31-bilberry
755,0.296,100,12.5,62.653942073313-29.732258487830-2019-08-06-bilberry
756,0.0,0,0.0,62.220973722051-28.731004239214-2021-07-21-bilberry
757,0.0,0,0.0,61.323678788559-25.318697798898-2019-07-24-bilberry
758,0.0,0,0.0,61.301229730432-24.012672163928-2022-07-12-bilberry
759,0.0,0,0.0,61.956018861359-28.334608720696-2018-08-30-lingonberry
760,0.0,0,0.0,60.794913006699-26.632586356123-2022-08-14-lingonberry
761,0.0,0,0.0,62.410081201748-26.419416956683-2018-08-01-bilberry
762,1.899,100,45.83,61.839112844313-23.960461572665-2021-08-22-lingonberry
763,0.082,100,4.17,61.869427388541-27.950580362578-2021-09-11-lingonberry
764,0.249,100,12.5,63.819314344283-29.844665697759-2021-07-19-cloudberry
765,0.028,100,4.17,64.376388132796-25.341948147709-2020-07-28-bilberry
766,0.0,0,0.0,67.138884996671-24.000442836702-2020-09-19-lingonberry
767,5.509,100,33.33,66.063791293103-24.127741130740-2020-10-11-lingonberry
768,0.268,100,4.17,67.063899051147-29.069863634565-2022-07-20-cloudberry
769,0.0,0,0.0,61.513500810334-26.812063769739-2021-07-21-bilberry
770,23.272,100,50.0,66.800194117739-28.592512322510-2021-07-18-bilberry
771,4.241,100,16.67,63.819314344283-29.844665697759-2019-07-30-bilberry
772,4.922,100,16.67,65.452659159736-28.725922810504-2022-08-19-lingonberry
773,0.158,100,4.17,64.295866161411-26.793376802717-2020-08-08-bilberry
774,3.21,100,50.0,65.183608433863-28.708394121341-2022-07-18-cloudberry
775,0.0,0,0.0,66.067742838297-24.348382661960-2022-08-16-bilberry
776,0.0,0,0.0,65.993086744770-28.542032708694-2019-08-17-bilberry
777,0.021,100,4.17,62.825044395988-30.140929317948-2022-09-01-lingonberry
778,0.391,100,29.17,66.174516003895-28.331178510805-2022-07-28-bilberry
779,0.0,0,0.0,61.873545236935-22.053058599543-2020-09-02-lingonberry
780,0.0,0,0.0,65.450047903255-28.941517402941-2019-07-25-cloudberry
781,0.0,0,0.0,61.957732031849-28.144000749979-2018-08-30-lingonberry
782,1.106,100,16.67,61.243149793932-27.558953504414-2021-07-31-bilberry
783,0.0,0,0.0,61.867983163323-28.140653129185-2021-07-27-bilberry
784,0.9440000000000001,100,12.5,61.301229730432-24.012672163928-2022-08-27-lingonberry
785,0.187,100,16.67,63.635949999523-23.971753502659-2020-08-03-bilberry
786,0.0,0,0.0,61.956018861359-28.334608720696-2021-07-19-bilberry
787,1.589,100,16.67,61.513500810334-26.812063769739-2022-09-03-lingonberry
788,0.428,100,8.33,64.006056215888-29.454399062118-2021-09-18-lingonberry
789,0.28200000000000003,100,20.83,69.579405931858-28.797861670517-2018-08-02-bilberry
790,0.07,100,4.17,60.780214636376-24.979906946751-2018-07-28-bilberry
791,0.0,0,0.0,66.174516003895-28.331178510805-2018-07-29-bilberry
792,4.629,100,58.33,65.010102155579-25.939274557336-2022-07-18-bilberry
793,0.076,100,8.33,63.398031694381-26.599711122656-2022-08-13-lingonberry
794,0.15,100,8.33,61.671146796379-29.455985669682-2022-09-07-lingonberry
795,0.0,0,0.0,63.819314344283-29.844665697759-2018-08-08-bilberry
796,0.0,0,0.0,66.443576572385-25.654530691516-2019-07-30-cloudberry
797,0.0,0,0.0,60.018137456338-23.052028057436-2021-09-01-lingonberry
798,0.0,0,0.0,62.750691730294-24.650556344659-2020-07-20-bilberry
799,0.0,0,0.0,63.476942248701-25.193478894290-2018-07-07-cloudberry
800,0.0,0,0.0,61.423728699688-26.812604614421-2021-07-19-bilberry
801,0.0,0,0.0,60.966875080557-25.522307756142-2018-07-15-bilberry
802,0.046,100,8.33,63.563958091980-29.013431098546-2021-07-23-bilberry
803,0.0,0,0.0,63.746042072431-25.176331955036-2021-09-04-lingonberry
804,0.0,0,0.0,65.985050635898-24.797636603771-2019-09-22-cloudberry
805,0.0,0,0.0,66.533261860216-25.649684772859-2018-07-24-bilberry
806,0.03,100,8.33,65.193169065761-27.213630147855-2022-08-30-lingonberry
807,0.0,0,0.0,64.474894262885-26.584039350618-2021-09-05-lingonberry
808,0.0,0,0.0,64.263227992885-30.096842705717-2020-08-30-lingonberry
809,13.535,100,79.17,65.546659433223-28.299055446451-2020-07-23-cloudberry
810,0.0,0,0.0,65.452659159736-28.725922810504-2019-07-25-cloudberry
811,0.0,0,0.0,65.452659159736-28.725922810504-2021-07-23-cloudberry
812,0.0,0,0.0,63.398031694381-26.599711122656-2019-08-04-lingonberry
813,0.9460000000000001,100,12.5,64.092101095135-29.667228854948-2021-08-16-bilberry
814,0.0,0,0.0,65.548356555527-28.082602265075-2022-07-20-cloudberry
815,19.863,100,54.17,69.579405931858-28.797861670517-2018-08-09-bilberry
816,2.4,100,45.83,65.452659159736-28.725922810504-2021-07-20-bilberry
817,0.0,0,0.0,61.480531562117-23.995492019329-2021-07-15-bilberry
818,0.965,100,20.83,62.410085919345-21.964546229480-2020-08-26-lingonberry
819,0.176,100,8.33,62.946396778006-27.985359242921-2021-07-07-bilberry
820,0.014,100,4.17,64.295866161411-26.793376802717-2019-08-01-bilberry
821,0.445,100,4.17,60.703629731031-26.267246984625-2019-09-17-lingonberry
822,0.183,100,8.33,61.507287992498-25.684670106547-2020-08-04-bilberry
823,0.0,0,0.0,62.860078063297-27.000003445715-2019-07-20-bilberry
824,0.0,0,0.0,61.423729502415-27.187389365941-2020-09-01-lingonberry
825,2.628,100,37.5,66.710509845778-25.413290203497-2022-07-15-cloudberry
826,0.0,0,0.0,63.819314344283-29.844665697759-2022-08-29-lingonberry
827,0.0,0,0.0,63.476942248701-25.193478894290-2022-07-16-bilberry
828,0.0,0,0.0,64.916793952455-28.479943276795-2022-07-21-cloudberry
829,3.1390000000000002,100,33.33,62.314979271783-25.649501497880-2022-08-18-lingonberry
830,0.0,0,0.0,64.380480243615-28.243717349216-2020-07-15-cloudberry
831,4.203,100,29.17,64.006056215888-29.454399062118-2021-07-29-bilberry
832,0.0,0,0.0,65.546659433223-28.299055446451-2018-07-19-cloudberry
833,0.983,100,16.67,64.293680515110-27.826526726468-2021-08-14-lingonberry
834,0.0,0,0.0,63.755297386655-27.810740884660-2021-08-31-lingonberry
835,0.191,100,25.0,61.956022559943-25.665393843282-2020-09-07-lingonberry
836,0.10300000000000001,100,12.5,67.143044568787-24.230831603645-2020-07-29-cloudberry
837,9.306,100,37.5,65.820747409918-27.437615336293-2022-07-27-bilberry
838,0.417,100,25.0,67.143044568787-24.230831603645-2018-07-23-cloudberry
839,0.0,0,0.0,60.018137456338-23.052028057436-2022-08-26-lingonberry
840,0.0,0,0.0,60.460426507891-22.816310845211-2019-08-26-lingonberry
841,0.0,0,0.0,65.820747409918-27.437615336293-2021-09-27-lingonberry
842,0.41300000000000003,100,16.67,62.193269976552-23.732604259901-2022-08-21-lingonberry
843,20.671,100,50.0,65.282893291024-27.214355171535-2022-07-13-cloudberry
844,0.005,100,4.17,65.996865347816-25.898467471936-2021-08-26-lingonberry
845,0.0,0,0.0,62.226975475359-25.845818162265-2020-08-01-bilberry
846,0.171,100,4.17,63.819314344283-29.844665697759-2022-07-19-cloudberry
847,0.0,0,0.0,63.550420850425-24.182219297212-2018-07-07-cloudberry
848,0.0,0,0.0,61.867983163323-28.140653129185-2022-07-22-bilberry
